Institution,FSR_value,FQE_PhD_percentage,FQE_experience,LL_library_exp,LL_lab_exp,SEC_sports_area,SEC_sports_budget,PU_publications,CI_citations,IPR_granted,UE_graduation_rate,PE_success_rate,CES_certificates,RD_other_states,RD_foreign_students,WS_women_students,WS_women_faculty,ESDS_percentage,DAP_facilities,PR_peer_ranking,SR_ratio
ABC University,0.267261241912425,-1.224744871391589,-1.135549947915338,-1.297771369046101,-1.2247448713915892,-1.224744871391589,-1.224744871391589,-0.16222142113076232,-0.8521330020990452,1.224744871391589,0.0,0.0,-1.1355499479153381,0.0,0.0,-0.3396831102433787,0.0,0.0,0.0,-0.162221421130762,0.0
XYZ Institute,-1.3363062095621216,0.0,-0.16222142113076282,1.1355499479153373,1.2247448713915892,1.224744871391589,1.224744871391589,1.2977713690461006,1.4035131799278397,-1.224744871391589,1.224744871391589,1.224744871391589,1.2977713690460997,1.2247448713915892,1.224744871391589,-1.0190493307301363,1.224744871391589,-1.224744871391589,-1.224744871391589,1.2977713690461001,-1.224744871391589
DEF College,1.0690449676496978,1.224744871391589,1.2977713690461,0.16222142113076196,0.0,0.0,0.0,-1.1355499479153377,-0.5513801778287939,0.0,-1.224744871391589,-1.224744871391589,-0.162221421130763,-1.2247448713915892,-1.224744871391589,1.3587324409735149,-1.224744871391589,1.224744871391589,1.224744871391589,-1.1355499479153381,1.224744871391589
